energy_id,power_plant_id,datetime,energy_generated,unit_of_measurement
EN-20250101-001,TSPP1,1/1/2025 0:00,157.71,mwh
EN-20250102-001,TSPP1,1/2/2025 0:00,173.32,mwh
EN-20250103-001,TSPP1,1/3/2025 0:00,129.92,mwh
EN-20250104-001,TSPP1,1/4/2025 0:00,118.8,mwh
EN-20250105-001,TSPP1,1/5/2025 0:00,108.99,mwh
EN-20250106-001,TSPP1,1/6/2025 0:00,227.69,mwh
EN-20250107-001,TSPP1,1/7/2025 0:00,197.32,mwh
EN-20250108-001,TSPP1,1/8/2025 0:00,183.88,mwh
EN-20250109-001,TSPP1,1/9/2025 0:00,130.67,mwh
EN-20250110-001,TSPP1,1/10/2025 0:00,211.63,mwh
EN-20250111-001,TSPP1,1/11/2025 0:00,211.95,mwh
EN-20250112-001,TSPP1,1/12/2025 0:00,206.42,mwh
EN-20250113-001,TSPP1,1/13/2025 0:00,131.74,mwh
EN-20250114-001,TSPP1,1/14/2025 0:00,113.44,mwh
EN-20250115-001,TSPP1,1/15/2025 0:00,153.21,mwh
EN-20250116-001,TSPP1,1/16/2025 0:00,238.53,mwh
EN-20250117-001,TSPP1,1/17/2025 0:00,220.71,mwh
EN-20250118-001,TSPP1,1/18/2025 0:00,170.24,mwh
EN-20250119-001,TSPP1,1/19/2025 0:00,216.92,mwh
EN-20250120-001,TSPP1,1/20/2025 0:00,142.04,mwh
EN-20250121-001,TSPP1,1/21/2025 0:00,182.84,mwh
EN-20250122-001,TSPP1,1/22/2025 0:00,190.61,mwh
EN-20250123-001,TSPP1,1/23/2025 0:00,228.75,mwh
EN-20250124-001,TSPP1,1/24/2025 0:00,197.93,mwh
EN-20250125-001,TSPP1,1/25/2025 0:00,214.39,mwh
EN-20250126-001,TSPP1,1/26/2025 0:00,233.05,mwh
EN-20250127-001,TSPP1,1/27/2025 0:00,166.51,mwh
EN-20250128-001,TSPP1,1/28/2025 0:00,212.85,mwh
EN-20250129-001,TSPP1,1/29/2025 0:00,185.49,mwh
EN-20250130-001,TSPP1,1/30/2025 0:00,194.07,mwh
EN-20250131-001,TSPP1,1/31/2025 0:00,150.86,mwh
EN-20250201-001,TSPP1,2/1/2025 0:00,219.62,mwh
EN-20250202-001,TSPP1,2/2/2025 0:00,217.84,mwh
EN-20250203-001,TSPP1,2/3/2025 0:00,226.91,mwh
EN-20250204-001,TSPP1,2/4/2025 0:00,143.44,mwh
EN-20250205-001,TSPP1,2/5/2025 0:00,195.74,mwh
EN-20250206-001,TSPP1,2/6/2025 0:00,221.56,mwh
EN-20250207-001,TSPP1,2/7/2025 0:00,149.32,mwh
EN-20250208-001,TSPP1,2/8/2025 0:00,148.73,mwh
EN-20250209-001,TSPP1,2/9/2025 0:00,148.22,mwh
EN-20250210-001,TSPP1,2/10/2025 0:00,144.4,mwh
EN-20250211-001,TSPP1,2/11/2025 0:00,159.9,mwh
EN-20250212-001,TSPP1,2/12/2025 0:00,205.23,mwh
EN-20250213-001,TSPP1,2/13/2025 0:00,162.59,mwh
EN-20250214-001,TSPP1,2/14/2025 0:00,120.52,mwh
EN-20250215-001,TSPP1,2/15/2025 0:00,201.3,mwh
EN-20250216-001,TSPP1,2/16/2025 0:00,173.27,mwh
EN-20250217-001,TSPP1,2/17/2025 0:00,199.56,mwh
EN-20250218-001,TSPP1,2/18/2025 0:00,202.41,mwh
EN-20250219-001,TSPP1,2/19/2025 0:00,218.44,mwh
EN-20250220-001,TSPP1,2/20/2025 0:00,183.64,mwh
EN-20250221-001,TSPP1,2/21/2025 0:00,164.24,mwh
EN-20250222-001,TSPP1,2/22/2025 0:00,218.55,mwh
EN-20250223-001,TSPP1,2/23/2025 0:00,235.63,mwh
EN-20250224-001,TSPP1,2/24/2025 0:00,244.01,mwh
EN-20250225-001,TSPP1,2/25/2025 0:00,219.75,mwh
EN-20250226-001,TSPP1,2/26/2025 0:00,184.49,mwh
EN-20250227-001,TSPP1,2/27/2025 0:00,227.66,mwh
EN-20250228-001,TSPP1,2/28/2025 0:00,207.26,mwh
EN-20250301-001,TSPP1,3/1/2025 0:00,251.49,mwh
EN-20250302-001,TSPP1,3/2/2025 0:00,254.61,mwh
EN-20250303-001,TSPP1,3/3/2025 0:00,237.41,mwh
EN-20250304-001,TSPP1,3/4/2025 0:00,181.35,mwh
EN-20250305-001,TSPP1,3/5/2025 0:00,227.78,mwh
EN-20250306-001,TSPP1,3/6/2025 0:00,248.62,mwh
EN-20250307-001,TSPP1,3/7/2025 0:00,257.92,mwh
EN-20250308-001,TSPP1,3/8/2025 0:00,131.92,mwh
EN-20250309-001,TSPP1,3/9/2025 0:00,220.92,mwh
EN-20250310-001,TSPP1,3/10/2025 0:00,220.49,mwh
EN-20250311-001,TSPP1,3/11/2025 0:00,238.45,mwh
EN-20250312-001,TSPP1,3/12/2025 0:00,223.04,mwh
EN-20250313-001,TSPP1,3/13/2025 0:00,238.44,mwh
EN-20250314-001,TSPP1,3/14/2025 0:00,263.94,mwh
EN-20250315-001,TSPP1,3/15/2025 0:00,262.4,mwh
EN-20250316-001,TSPP1,3/16/2025 0:00,224.63,mwh
EN-20250317-001,TSPP1,3/17/2025 0:00,246.2,mwh
EN-20250318-001,TSPP1,3/18/2025 0:00,234.46,mwh
EN-20250319-001,TSPP1,3/19/2025 0:00,251.62,mwh
EN-20250320-001,TSPP1,3/20/2025 0:00,212.58,mwh
EN-20250321-001,TSPP1,3/21/2025 0:00,243.11,mwh
EN-20250322-001,TSPP1,3/22/2025 0:00,203.88,mwh
EN-20250323-001,TSPP1,3/23/2025 0:00,211.16,mwh
EN-20250324-001,TSPP1,3/24/2025 0:00,201.11,mwh
EN-20250325-001,TSPP1,3/25/2025 0:00,200.44,mwh
EN-20250326-001,TSPP1,3/26/2025 0:00,234.57,mwh
EN-20250327-001,TSPP1,3/27/2025 0:00,197.24,mwh
EN-20250328-001,TSPP1,3/28/2025 0:00,205.06,mwh
EN-20250329-001,TSPP1,3/29/2025 0:00,173.34,mwh
EN-20250330-001,TSPP1,3/30/2025 0:00,222.75,mwh
EN-20250331-001,TSPP1,3/31/2025 0:00,237.82,mwh
EN-20250401-001,TSPP1,4/1/2025 0:00,175.4,mwh
EN-20250402-001,TSPP1,4/2/2025 0:00,179.49,mwh
EN-20250403-001,TSPP1,4/3/2025 0:00,212.18,mwh
EN-20250404-001,TSPP1,4/4/2025 0:00,200.28,mwh
EN-20250405-001,TSPP1,4/5/2025 0:00,0,mwh
EN-20250406-001,TSPP1,4/6/2025 0:00,220.46968,mwh
EN-20250407-001,TSPP1,4/7/2025 0:00,244.8031,mwh
EN-20250408-001,TSPP1,4/8/2025 0:00,207.72437,mwh
EN-20250409-001,TSPP1,4/9/2025 0:00,221.19,mwh
EN-20250410-001,TSPP1,4/10/2025 0:00,213.66,mwh
EN-20250411-001,TSPP1,4/11/2025 0:00,232.77,mwh
EN-20250412-001,TSPP1,4/12/2025 0:00,228.72,mwh
EN-20250413-001,TSPP1,4/13/2025 0:00,202.84,mwh
EN-20250414-001,TSPP1,4/14/2025 0:00,193.38,mwh
EN-20250415-001,TSPP1,4/15/2025 0:00,233.64399,mwh
EN-20250416-001,TSPP1,4/16/2025 0:00,180.07183,mwh
EN-20250417-001,TSPP1,4/17/2025 0:00,219.73314,mwh
EN-20250418-001,TSPP1,4/18/2025 0:00,257.08764,mwh
EN-20250419-001,TSPP1,4/19/2025 0:00,252.31252,mwh
EN-20250420-001,TSPP1,4/20/2025 0:00,260.19132,mwh
EN-20250421-001,TSPP1,4/21/2025 0:00,247.67419,mwh
EN-20250422-001,TSPP1,4/22/2025 0:00,253.38865,mwh
EN-20250423-001,TSPP1,4/23/2025 0:00,204.59664,mwh
EN-20250424-001,TSPP1,4/24/2025 0:00,210.29981,mwh
EN-20250425-001,TSPP1,4/25/2025 0:00,240.92193,mwh
EN-20250426-001,TSPP1,4/26/2025 0:00,6.7951,mwh
EN-20250427-001,TSPP1,4/27/2025 0:00,252.92,mwh
EN-20250428-001,TSPP1,4/28/2025 0:00,229.2839,mwh
EN-20250429-001,TSPP1,4/29/2025 0:00,253.7231,mwh
EN-20250430-001,TSPP1,4/30/2025 0:00,227.38,mwh
EN-20250501-001,TSPP1,5/1/2025 0:00,237.69219,mwh
EN-20250502-001,TSPP1,5/2/2025 0:00,261.20351,mwh
EN-20250503-001,TSPP1,5/3/2025 0:00,241.16784,mwh
EN-20250504-001,TSPP1,5/4/2025 0:00,163.40933,mwh
EN-20250505-001,TSPP1,5/5/2025 0:00,178.92797,mwh
EN-20250506-001,TSPP1,5/6/2025 0:00,215.46271,mwh
EN-20250507-001,TSPP1,5/7/2025 0:00,208.33254,mwh
EN-20250508-001,TSPP1,5/8/2025 0:00,206.05147,mwh
EN-20250509-001,TSPP1,5/9/2025 0:00,203.88337,mwh
EN-20250510-001,TSPP1,5/10/2025 0:00,226.23387,mwh
EN-20250511-001,TSPP1,5/11/2025 0:00,231.06846,mwh
EN-20250512-001,TSPP1,5/12/2025 0:00,243.47547,mwh
EN-20250513-001,TSPP1,5/13/2025 0:00,183.52,mwh
EN-20250514-001,TSPP1,5/14/2025 0:00,0,mwh
EN-20250101-002,TSPP2,1/1/2025 0:00,65.05,mwh
EN-20250102-002,TSPP2,1/2/2025 0:00,70.41,mwh
EN-20250103-002,TSPP2,1/3/2025 0:00,53.24,mwh
EN-20250104-002,TSPP2,1/4/2025 0:00,48.28,mwh
EN-20250105-002,TSPP2,1/5/2025 0:00,44.48,mwh
EN-20250106-002,TSPP2,1/6/2025 0:00,94.35,mwh
EN-20250107-002,TSPP2,1/7/2025 0:00,80.37,mwh
EN-20250108-002,TSPP2,1/8/2025 0:00,75.63,mwh
EN-20250109-002,TSPP2,1/9/2025 0:00,52.89,mwh
EN-20250110-002,TSPP2,1/10/2025 0:00,87.53,mwh
EN-20250111-002,TSPP2,1/11/2025 0:00,88.19,mwh
EN-20250112-002,TSPP2,1/12/2025 0:00,84.03,mwh
EN-20250113-002,TSPP2,1/13/2025 0:00,54.31,mwh
EN-20250114-002,TSPP2,1/14/2025 0:00,46.43,mwh
EN-20250115-002,TSPP2,1/15/2025 0:00,62.68,mwh
EN-20250116-002,TSPP2,1/16/2025 0:00,99.94,mwh
EN-20250117-002,TSPP2,1/17/2025 0:00,92.13,mwh
EN-20250118-002,TSPP2,1/18/2025 0:00,71.63,mwh
EN-20250119-002,TSPP2,1/19/2025 0:00,91.55,mwh
EN-20250120-002,TSPP2,1/20/2025 0:00,62.67,mwh
EN-20250121-002,TSPP2,1/21/2025 0:00,76.27,mwh
EN-20250122-002,TSPP2,1/22/2025 0:00,80.37,mwh
EN-20250123-002,TSPP2,1/23/2025 0:00,96.25,mwh
EN-20250124-002,TSPP2,1/24/2025 0:00,80.72,mwh
EN-20250125-002,TSPP2,1/25/2025 0:00,90.22,mwh
EN-20250126-002,TSPP2,1/26/2025 0:00,98.14,mwh
EN-20250127-002,TSPP2,1/27/2025 0:00,73.18,mwh
EN-20250128-002,TSPP2,1/28/2025 0:00,88.67,mwh
EN-20250129-002,TSPP2,1/29/2025 0:00,77.28,mwh
EN-20250130-002,TSPP2,1/30/2025 0:00,81.56,mwh
EN-20250131-002,TSPP2,1/31/2025 0:00,62.78,mwh
EN-20250201-002,TSPP2,2/1/2025 0:00,92.69,mwh
EN-20250202-002,TSPP2,2/2/2025 0:00,91.52,mwh
EN-20250203-002,TSPP2,2/3/2025 0:00,97.38,mwh
EN-20250204-002,TSPP2,2/4/2025 0:00,60.72,mwh
EN-20250205-002,TSPP2,2/5/2025 0:00,83.89,mwh
EN-20250206-002,TSPP2,2/6/2025 0:00,94.41,mwh
EN-20250207-002,TSPP2,2/7/2025 0:00,63.15,mwh
EN-20250208-002,TSPP2,2/8/2025 0:00,60.84,mwh
EN-20250209-002,TSPP2,2/9/2025 0:00,61,mwh
EN-20250210-002,TSPP2,2/10/2025 0:00,60.58,mwh
EN-20250211-002,TSPP2,2/11/2025 0:00,65.99,mwh
EN-20250212-002,TSPP2,2/12/2025 0:00,85.5,mwh
EN-20250213-002,TSPP2,2/13/2025 0:00,67.82,mwh
EN-20250214-002,TSPP2,2/14/2025 0:00,49.88,mwh
EN-20250215-002,TSPP2,2/15/2025 0:00,82.03,mwh
EN-20250216-002,TSPP2,2/16/2025 0:00,73.46,mwh
EN-20250217-002,TSPP2,2/17/2025 0:00,84.77,mwh
EN-20250218-002,TSPP2,2/18/2025 0:00,85.04,mwh
EN-20250219-002,TSPP2,2/19/2025 0:00,90.21,mwh
EN-20250220-002,TSPP2,2/20/2025 0:00,75.52,mwh
EN-20250221-002,TSPP2,2/21/2025 0:00,67.01,mwh
EN-20250222-002,TSPP2,2/22/2025 0:00,86.93,mwh
EN-20250223-002,TSPP2,2/23/2025 0:00,95.39,mwh
EN-20250224-002,TSPP2,2/24/2025 0:00,101.08,mwh
EN-20250225-002,TSPP2,2/25/2025 0:00,86.85,mwh
EN-20250226-002,TSPP2,2/26/2025 0:00,75.23,mwh
EN-20250227-002,TSPP2,2/27/2025 0:00,91.32,mwh
EN-20250228-002,TSPP2,2/28/2025 0:00,81.7,mwh
EN-20250301-002,TSPP2,3/1/2025 0:00,105.05,mwh
EN-20250302-002,TSPP2,3/2/2025 0:00,106.05,mwh
EN-20250303-002,TSPP2,3/3/2025 0:00,97.02,mwh
EN-20250304-002,TSPP2,3/4/2025 0:00,74.63,mwh
EN-20250305-002,TSPP2,3/5/2025 0:00,94.43,mwh
EN-20250306-002,TSPP2,3/6/2025 0:00,106.59,mwh
EN-20250307-002,TSPP2,3/7/2025 0:00,107.17,mwh
EN-20250308-002,TSPP2,3/8/2025 0:00,53.61,mwh
EN-20250309-002,TSPP2,3/9/2025 0:00,88.92,mwh
EN-20250310-002,TSPP2,3/10/2025 0:00,89.48,mwh
EN-20250311-002,TSPP2,3/11/2025 0:00,99.1,mwh
EN-20250312-002,TSPP2,3/12/2025 0:00,92.18,mwh
EN-20250313-002,TSPP2,3/13/2025 0:00,97.97,mwh
EN-20250314-002,TSPP2,3/14/2025 0:00,110.46,mwh
EN-20250315-002,TSPP2,3/15/2025 0:00,109.91,mwh
EN-20250316-002,TSPP2,3/16/2025 0:00,90.82,mwh
EN-20250317-002,TSPP2,3/17/2025 0:00,100.59,mwh
EN-20250318-002,TSPP2,3/18/2025 0:00,97.15,mwh
EN-20250319-002,TSPP2,3/19/2025 0:00,104.32,mwh
EN-20250320-002,TSPP2,3/20/2025 0:00,85.11,mwh
EN-20250321-002,TSPP2,3/21/2025 0:00,97.64,mwh
EN-20250322-002,TSPP2,3/22/2025 0:00,82.57,mwh
EN-20250323-002,TSPP2,3/23/2025 0:00,88.06,mwh
EN-20250324-002,TSPP2,3/24/2025 0:00,81.42,mwh
EN-20250325-002,TSPP2,3/25/2025 0:00,80.53,mwh
EN-20250326-002,TSPP2,3/26/2025 0:00,96.91,mwh
EN-20250327-002,TSPP2,3/27/2025 0:00,78.68,mwh
EN-20250328-002,TSPP2,3/28/2025 0:00,83.11,mwh
EN-20250329-002,TSPP2,3/29/2025 0:00,65.94,mwh
EN-20250330-002,TSPP2,3/30/2025 0:00,88.95,mwh
EN-20250331-002,TSPP2,3/31/2025 0:00,99.56,mwh
EN-20250401-002,TSPP2,4/1/2025 0:00,71.67,mwh
EN-20250402-002,TSPP2,4/2/2025 0:00,81.46,mwh
EN-20250403-002,TSPP2,4/3/2025 0:00,87.9,mwh
EN-20250404-002,TSPP2,4/4/2025 0:00,80.2,mwh
EN-20250405-002,TSPP2,4/5/2025 0:00,,mwh
EN-20250406-002,TSPP2,4/6/2025 0:00,93.52,mwh
EN-20250407-002,TSPP2,4/7/2025 0:00,100.11,mwh
EN-20250408-002,TSPP2,4/8/2025 0:00,86.21,mwh
EN-20250409-002,TSPP2,4/9/2025 0:00,90.28,mwh
EN-20250410-002,TSPP2,4/10/2025 0:00,91.91,mwh
EN-20250411-002,TSPP2,4/11/2025 0:00,93.58,mwh
EN-20250412-002,TSPP2,4/12/2025 0:00,93.81,mwh
EN-20250413-002,TSPP2,4/13/2025 0:00,81.53,mwh
EN-20250414-002,TSPP2,4/14/2025 0:00,76.71,mwh
EN-20250415-002,TSPP2,4/15/2025 0:00,95.49,mwh
EN-20250416-002,TSPP2,4/16/2025 0:00,72.1,mwh
EN-20250417-002,TSPP2,4/17/2025 0:00,94.25,mwh
EN-20250418-002,TSPP2,4/18/2025 0:00,107.39,mwh
EN-20250419-002,TSPP2,4/19/2025 0:00,102.12,mwh
EN-20250420-002,TSPP2,4/20/2025 0:00,108.33,mwh
EN-20250421-002,TSPP2,4/21/2025 0:00,105.98,mwh
EN-20250422-002,TSPP2,4/22/2025 0:00,104.36,mwh
EN-20250423-002,TSPP2,4/23/2025 0:00,82.14,mwh
EN-20250424-002,TSPP2,4/24/2025 0:00,81.5,mwh
EN-20250425-002,TSPP2,4/25/2025 0:00,101.96,mwh
EN-20250426-002,TSPP2,4/26/2025 0:00,0,mwh
EN-20250427-002,TSPP2,4/27/2025 0:00,106.89,mwh
EN-20250428-002,TSPP2,4/28/2025 0:00,97.88,mwh
EN-20250429-002,TSPP2,4/29/2025 0:00,106.02,mwh
EN-20250430-002,TSPP2,4/30/2025 0:00,95.14,mwh
EN-20250501-002,TSPP2,5/1/2025 0:00,96.82,mwh
EN-20250502-002,TSPP2,5/2/2025 0:00,108.95,mwh
EN-20250503-002,TSPP2,5/3/2025 0:00,98.02,mwh
EN-20250504-002,TSPP2,5/4/2025 0:00,64.6,mwh
EN-20250505-002,TSPP2,5/5/2025 0:00,73.36,mwh
EN-20250506-002,TSPP2,5/6/2025 0:00,88.64,mwh
EN-20250507-002,TSPP2,5/7/2025 0:00,85.4,mwh
EN-20250508-002,TSPP2,5/8/2025 0:00,88.06,mwh
EN-20250509-002,TSPP2,5/9/2025 0:00,84.65,mwh
EN-20250510-002,TSPP2,5/10/2025 0:00,90.91,mwh
EN-20250511-002,TSPP2,5/11/2025 0:00,93.75,mwh
EN-20250512-002,TSPP2,5/12/2025 0:00,100.13,mwh
EN-20250513-002,TSPP2,5/13/2025 0:00,76.5,mwh
EN-20250514-002,TSPP2,5/14/2025 0:00,0,mwh
EN-20250101-003,SJSPP,1/1/2025 0:00,62.59,mwh
EN-20250102-003,SJSPP,1/2/2025 0:00,53.71,mwh
EN-20250103-003,SJSPP,1/3/2025 0:00,46.68,mwh
EN-20250104-003,SJSPP,1/4/2025 0:00,55.89,mwh
EN-20250105-003,SJSPP,1/5/2025 0:00,51.96,mwh
EN-20250106-003,SJSPP,1/6/2025 0:00,88.47,mwh
EN-20250107-003,SJSPP,1/7/2025 0:00,71.97,mwh
EN-20250108-003,SJSPP,1/8/2025 0:00,92.12,mwh
EN-20250109-003,SJSPP,1/9/2025 0:00,72.58,mwh
EN-20250110-003,SJSPP,1/10/2025 0:00,94.99,mwh
EN-20250111-003,SJSPP,1/11/2025 0:00,82.82,mwh
EN-20250112-003,SJSPP,1/12/2025 0:00,87.04,mwh
EN-20250113-003,SJSPP,1/13/2025 0:00,66.5,mwh
EN-20250114-003,SJSPP,1/14/2025 0:00,58.59,mwh
EN-20250115-003,SJSPP,1/15/2025 0:00,57.5,mwh
EN-20250116-003,SJSPP,1/16/2025 0:00,102.61,mwh
EN-20250117-003,SJSPP,1/17/2025 0:00,99.21,mwh
EN-20250118-003,SJSPP,1/18/2025 0:00,92.98,mwh
EN-20250119-003,SJSPP,1/19/2025 0:00,94.19,mwh
EN-20250120-003,SJSPP,1/20/2025 0:00,34.46,mwh
EN-20250121-003,SJSPP,1/21/2025 0:00,102.01,mwh
EN-20250122-003,SJSPP,1/22/2025 0:00,103.6,mwh
EN-20250123-003,SJSPP,1/23/2025 0:00,100.05,mwh
EN-20250124-003,SJSPP,1/24/2025 0:00,99.73,mwh
EN-20250125-003,SJSPP,1/25/2025 0:00,99.36,mwh
EN-20250126-003,SJSPP,1/26/2025 0:00,104.53,mwh
EN-20250127-003,SJSPP,1/27/2025 0:00,91.48,mwh
EN-20250128-003,SJSPP,1/28/2025 0:00,80.56,mwh
EN-20250129-003,SJSPP,1/29/2025 0:00,105.43,mwh
EN-20250130-003,SJSPP,1/30/2025 0:00,82.81,mwh
EN-20250131-003,SJSPP,1/31/2025 0:00,68.49,mwh
EN-20250201-003,SJSPP,2/1/2025 0:00,101.66,mwh
EN-20250202-003,SJSPP,2/2/2025 0:00,103.74,mwh
EN-20250203-003,SJSPP,2/3/2025 0:00,97.91,mwh
EN-20250204-003,SJSPP,2/4/2025 0:00,92.79,mwh
EN-20250205-003,SJSPP,2/5/2025 0:00,97.54,mwh
EN-20250206-003,SJSPP,2/6/2025 0:00,90.68,mwh
EN-20250207-003,SJSPP,2/7/2025 0:00,62.85,mwh
EN-20250208-003,SJSPP,2/8/2025 0:00,65.43,mwh
EN-20250209-003,SJSPP,2/9/2025 0:00,84.36,mwh
EN-20250210-003,SJSPP,2/10/2025 0:00,72.08,mwh
EN-20250211-003,SJSPP,2/11/2025 0:00,58.8,mwh
EN-20250212-003,SJSPP,2/12/2025 0:00,88.02,mwh
EN-20250213-003,SJSPP,2/13/2025 0:00,51.89,mwh
EN-20250214-003,SJSPP,2/14/2025 0:00,75.43,mwh
EN-20250215-003,SJSPP,2/15/2025 0:00,99.74,mwh
EN-20250216-003,SJSPP,2/16/2025 0:00,100.24,mwh
EN-20250217-003,SJSPP,2/17/2025 0:00,103.53,mwh
EN-20250218-003,SJSPP,2/18/2025 0:00,78.56,mwh
EN-20250219-003,SJSPP,2/19/2025 0:00,84.03,mwh
EN-20250220-003,SJSPP,2/20/2025 0:00,86.23,mwh
EN-20250221-003,SJSPP,2/21/2025 0:00,73.16,mwh
EN-20250222-003,SJSPP,2/22/2025 0:00,97.66,mwh
EN-20250223-003,SJSPP,2/23/2025 0:00,107.02,mwh
EN-20250224-003,SJSPP,2/24/2025 0:00,98.58,mwh
EN-20250225-003,SJSPP,2/25/2025 0:00,100.93,mwh
EN-20250226-003,SJSPP,2/26/2025 0:00,85.83,mwh
EN-20250227-003,SJSPP,2/27/2025 0:00,111.66,mwh
EN-20250228-003,SJSPP,2/28/2025 0:00,111.61,mwh
EN-20250301-003,SJSPP,3/1/2025 0:00,110.98,mwh
EN-20250302-003,SJSPP,3/2/2025 0:00,110.87,mwh
EN-20250303-003,SJSPP,3/3/2025 0:00,102.3,mwh
EN-20250304-003,SJSPP,3/4/2025 0:00,87.76,mwh
EN-20250305-003,SJSPP,3/5/2025 0:00,105.45,mwh
EN-20250306-003,SJSPP,3/6/2025 0:00,92.29,mwh
EN-20250307-003,SJSPP,3/7/2025 0:00,98.83,mwh
EN-20250308-003,SJSPP,3/8/2025 0:00,67.65,mwh
EN-20250309-003,SJSPP,3/9/2025 0:00,75.61,mwh
EN-20250310-003,SJSPP,3/10/2025 0:00,88.91,mwh
EN-20250311-003,SJSPP,3/11/2025 0:00,110.68,mwh
EN-20250312-003,SJSPP,3/12/2025 0:00,109.7,mwh
EN-20250313-003,SJSPP,3/13/2025 0:00,114.4,mwh
EN-20250314-003,SJSPP,3/14/2025 0:00,115.04,mwh
EN-20250315-003,SJSPP,3/15/2025 0:00,112.8,mwh
EN-20250316-003,SJSPP,3/16/2025 0:00,99.83,mwh
EN-20250317-003,SJSPP,3/17/2025 0:00,104.15,mwh
EN-20250318-003,SJSPP,3/18/2025 0:00,85.26,mwh
EN-20250319-003,SJSPP,3/19/2025 0:00,103.68,mwh
EN-20250320-003,SJSPP,3/20/2025 0:00,107.01,mwh
EN-20250321-003,SJSPP,3/21/2025 0:00,110.04,mwh
EN-20250322-003,SJSPP,3/22/2025 0:00,88.4,mwh
EN-20250323-003,SJSPP,3/23/2025 0:00,100.92,mwh
EN-20250324-003,SJSPP,3/24/2025 0:00,99.55,mwh
EN-20250325-003,SJSPP,3/25/2025 0:00,103.7,mwh
EN-20250326-003,SJSPP,3/26/2025 0:00,111.57,mwh
EN-20250327-003,SJSPP,3/27/2025 0:00,78.28,mwh
EN-20250328-003,SJSPP,3/28/2025 0:00,91.47,mwh
EN-20250329-003,SJSPP,3/29/2025 0:00,80.72,mwh
EN-20250330-003,SJSPP,3/30/2025 0:00,95.47,mwh
EN-20250331-003,SJSPP,3/31/2025 0:00,98.9,mwh
EN-20250401-003,SJSPP,4/1/2025 0:00,60.44,mwh
EN-20250402-003,SJSPP,4/2/2025 0:00,81.46,mwh
EN-20250403-003,SJSPP,4/3/2025 0:00,99.21,mwh
EN-20250404-003,SJSPP,4/4/2025 0:00,114.42,mwh
EN-20250405-003,SJSPP,4/5/2025 0:00,85.98,mwh
EN-20250406-003,SJSPP,4/6/2025 0:00,89.76,mwh
EN-20250407-003,SJSPP,4/7/2025 0:00,113.25,mwh
EN-20250408-003,SJSPP,4/8/2025 0:00,70.27,mwh
EN-20250409-003,SJSPP,4/9/2025 0:00,102.27,mwh
EN-20250410-003,SJSPP,4/10/2025 0:00,103.52,mwh
EN-20250411-003,SJSPP,4/11/2025 0:00,101.47,mwh
EN-20250412-003,SJSPP,4/12/2025 0:00,111.92,mwh
EN-20250413-003,SJSPP,4/13/2025 0:00,93.83,mwh
EN-20250414-003,SJSPP,4/14/2025 0:00,84.56,mwh
EN-20250415-003,SJSPP,4/15/2025 0:00,102.16,mwh
EN-20250416-003,SJSPP,4/16/2025 0:00,86.48,mwh
EN-20250417-003,SJSPP,4/17/2025 0:00,113.41,mwh
EN-20250418-003,SJSPP,4/18/2025 0:00,114.32,mwh
EN-20250419-003,SJSPP,4/19/2025 0:00,109.76,mwh
EN-20250420-003,SJSPP,4/20/2025 0:00,114.09,mwh
EN-20250421-003,SJSPP,4/21/2025 0:00,110.16,mwh
EN-20250422-003,SJSPP,4/22/2025 0:00,111.08,mwh
EN-20250423-003,SJSPP,4/23/2025 0:00,97.42,mwh
EN-20250424-003,SJSPP,4/24/2025 0:00,108.58,mwh
EN-20250425-003,SJSPP,4/25/2025 0:00,106.07,mwh
EN-20250426-003,SJSPP,4/26/2025 0:00,115.82,mwh
EN-20250427-003,SJSPP,4/27/2025 0:00,116.39,mwh
EN-20250428-003,SJSPP,4/28/2025 0:00,114.53,mwh
EN-20250429-003,SJSPP,4/29/2025 0:00,110.42,mwh
EN-20250430-003,SJSPP,4/30/2025 0:00,111.89,mwh
EN-20250501-003,SJSPP,5/1/2025 0:00,104.51,mwh
EN-20250502-003,SJSPP,5/2/2025 0:00,96.03,mwh
EN-20250503-003,SJSPP,5/3/2025 0:00,,mwh
EN-20250504-003,SJSPP,5/4/2025 0:00,78.61,mwh
EN-20250505-003,SJSPP,5/5/2025 0:00,97.81,mwh
EN-20250506-003,SJSPP,5/6/2025 0:00,90.73,mwh
EN-20250507-003,SJSPP,5/7/2025 0:00,86.23,mwh
EN-20250508-003,SJSPP,5/8/2025 0:00,72.76,mwh
EN-20250509-003,SJSPP,5/9/2025 0:00,57.03,mwh
EN-20250510-003,SJSPP,5/10/2025 0:00,73.16,mwh
EN-20250511-003,SJSPP,5/11/2025 0:00,103.71,mwh
EN-20250512-003,SJSPP,5/12/2025 0:00,108,mwh
EN-20250513-003,SJSPP,5/13/2025 0:00,81.78,mwh
EN-20250514-003,SJSPP,5/14/2025 0:00,99.5,mwh
EN-20250101-004,DSPP,1/1/2025 0:00,90.04,mwh
EN-20250102-004,DSPP,1/2/2025 0:00,85.48,mwh
EN-20250103-004,DSPP,1/3/2025 0:00,102.65,mwh
EN-20250104-004,DSPP,1/4/2025 0:00,98.79,mwh
EN-20250105-004,DSPP,1/5/2025 0:00,97.44,mwh
EN-20250106-004,DSPP,1/6/2025 0:00,67.22,mwh
EN-20250107-004,DSPP,1/7/2025 0:00,93.2,mwh
EN-20250108-004,DSPP,1/8/2025 0:00,81.86,mwh
EN-20250109-004,DSPP,1/9/2025 0:00,91.85,mwh
EN-20250110-004,DSPP,1/10/2025 0:00,93.81,mwh
EN-20250111-004,DSPP,1/11/2025 0:00,89.71,mwh
EN-20250112-004,DSPP,1/12/2025 0:00,71.86,mwh
EN-20250113-004,DSPP,1/13/2025 0:00,61.56,mwh
EN-20250114-004,DSPP,1/14/2025 0:00,87.98,mwh
EN-20250115-004,DSPP,1/15/2025 0:00,57.14,mwh
EN-20250116-004,DSPP,1/16/2025 0:00,101.1,mwh
EN-20250117-004,DSPP,1/17/2025 0:00,107.54,mwh
EN-20250118-004,DSPP,1/18/2025 0:00,123.55,mwh
EN-20250119-004,DSPP,1/19/2025 0:00,101.73,mwh
EN-20250120-004,DSPP,1/20/2025 0:00,110.79,mwh
EN-20250121-004,DSPP,1/21/2025 0:00,104.43,mwh
EN-20250122-004,DSPP,1/22/2025 0:00,110.7,mwh
EN-20250123-004,DSPP,1/23/2025 0:00,117.94,mwh
EN-20250124-004,DSPP,1/24/2025 0:00,105.33,mwh
EN-20250125-004,DSPP,1/25/2025 0:00,126.12,mwh
EN-20250126-004,DSPP,1/26/2025 0:00,50.06,mwh
EN-20250127-004,DSPP,1/27/2025 0:00,65.73,mwh
EN-20250128-004,DSPP,1/28/2025 0:00,79.19,mwh
EN-20250129-004,DSPP,1/29/2025 0:00,70.39,mwh
EN-20250130-004,DSPP,1/30/2025 0:00,88.93,mwh
EN-20250131-004,DSPP,1/31/2025 0:00,129.62,mwh
EN-20250201-004,DSPP,2/1/2025 0:00,136.21,mwh
EN-20250202-004,DSPP,2/2/2025 0:00,89.83,mwh
EN-20250203-004,DSPP,2/3/2025 0:00,122.84,mwh
EN-20250204-004,DSPP,2/4/2025 0:00,113.31,mwh
EN-20250205-004,DSPP,2/5/2025 0:00,90.09,mwh
EN-20250206-004,DSPP,2/6/2025 0:00,48.22,mwh
EN-20250207-004,DSPP,2/7/2025 0:00,92.61,mwh
EN-20250208-004,DSPP,2/8/2025 0:00,115.01,mwh
EN-20250209-004,DSPP,2/9/2025 0:00,106.28,mwh
EN-20250210-004,DSPP,2/10/2025 0:00,92.79,mwh
EN-20250211-004,DSPP,2/11/2025 0:00,119.47,mwh
EN-20250212-004,DSPP,2/12/2025 0:00,88.33,mwh
EN-20250213-004,DSPP,2/13/2025 0:00,96.42,mwh
EN-20250214-004,DSPP,2/14/2025 0:00,93.74,mwh
EN-20250215-004,DSPP,2/15/2025 0:00,129.83,mwh
EN-20250216-004,DSPP,2/16/2025 0:00,138.15,mwh
EN-20250217-004,DSPP,2/17/2025 0:00,126.37,mwh
EN-20250218-004,DSPP,2/18/2025 0:00,114.19,mwh
EN-20250219-004,DSPP,2/19/2025 0:00,94.53,mwh
EN-20250220-004,DSPP,2/20/2025 0:00,77.35,mwh
EN-20250221-004,DSPP,2/21/2025 0:00,46.06,mwh
EN-20250222-004,DSPP,2/22/2025 0:00,51.99,mwh
EN-20250223-004,DSPP,2/23/2025 0:00,114.37,mwh
EN-20250224-004,DSPP,2/24/2025 0:00,81.4,mwh
EN-20250225-004,DSPP,2/25/2025 0:00,78.77,mwh
EN-20250226-004,DSPP,2/26/2025 0:00,40.9,mwh
EN-20250227-004,DSPP,2/27/2025 0:00,116.79,mwh
EN-20250228-004,DSPP,2/28/2025 0:00,90.5,mwh
EN-20250301-004,DSPP,3/1/2025 0:00,107.74,mwh
EN-20250302-004,DSPP,3/2/2025 0:00,112.64,mwh
EN-20250303-004,DSPP,3/3/2025 0:00,80.13,mwh
EN-20250304-004,DSPP,3/4/2025 0:00,126.17,mwh
EN-20250305-004,DSPP,3/5/2025 0:00,126.75,mwh
EN-20250306-004,DSPP,3/6/2025 0:00,121.53,mwh
EN-20250307-004,DSPP,3/7/2025 0:00,103.21,mwh
EN-20250308-004,DSPP,3/8/2025 0:00,121.71,mwh
EN-20250309-004,DSPP,3/9/2025 0:00,136.88,mwh
EN-20250310-004,DSPP,3/10/2025 0:00,86.47,mwh
EN-20250311-004,DSPP,3/11/2025 0:00,142.79,mwh
EN-20250312-004,DSPP,3/12/2025 0:00,133.17,mwh
EN-20250313-004,DSPP,3/13/2025 0:00,138.27,mwh
EN-20250314-004,DSPP,3/14/2025 0:00,92.2,mwh
EN-20250315-004,DSPP,3/15/2025 0:00,113.46,mwh
EN-20250316-004,DSPP,3/16/2025 0:00,130.33,mwh
EN-20250317-004,DSPP,3/17/2025 0:00,133.46,mwh
EN-20250318-004,DSPP,3/18/2025 0:00,117.02,mwh
EN-20250319-004,DSPP,3/19/2025 0:00,66.93,mwh
EN-20250320-004,DSPP,3/20/2025 0:00,90.11,mwh
EN-20250321-004,DSPP,3/21/2025 0:00,71.16,mwh
EN-20250322-004,DSPP,3/22/2025 0:00,67.7,mwh
EN-20250323-004,DSPP,3/23/2025 0:00,50.55,mwh
EN-20250324-004,DSPP,3/24/2025 0:00,125.92,mwh
EN-20250325-004,DSPP,3/25/2025 0:00,121.47,mwh
EN-20250326-004,DSPP,3/26/2025 0:00,113.66,mwh
EN-20250327-004,DSPP,3/27/2025 0:00,128.74,mwh
EN-20250328-004,DSPP,3/28/2025 0:00,83.09,mwh
EN-20250329-004,DSPP,3/29/2025 0:00,116.22,mwh
EN-20250330-004,DSPP,3/30/2025 0:00,118.48,mwh
EN-20250331-004,DSPP,3/31/2025 0:00,132.94,mwh
EN-20250401-004,DSPP,4/1/2025 0:00,128.76,mwh
EN-20250402-004,DSPP,4/2/2025 0:00,114.9,mwh
EN-20250403-004,DSPP,4/3/2025 0:00,136.92,mwh
EN-20250404-004,DSPP,4/4/2025 0:00,114.6,mwh
EN-20250405-004,DSPP,4/5/2025 0:00,129.36,mwh
EN-20250406-004,DSPP,4/6/2025 0:00,139.98,mwh
EN-20250407-004,DSPP,4/7/2025 0:00,140.46,mwh
EN-20250408-004,DSPP,4/8/2025 0:00,107.58,mwh
EN-20250409-004,DSPP,4/9/2025 0:00,145.38,mwh
EN-20250410-004,DSPP,4/10/2025 0:00,129.18,mwh
EN-20250411-004,DSPP,4/11/2025 0:00,97.38,mwh
EN-20250412-004,DSPP,4/12/2025 0:00,112.32,mwh
EN-20250413-004,DSPP,4/13/2025 0:00,127.08,mwh
EN-20250414-004,DSPP,4/14/2025 0:00,135.42,mwh
EN-20250415-004,DSPP,4/15/2025 0:00,150,mwh
EN-20250416-004,DSPP,4/16/2025 0:00,138.72,mwh
EN-20250417-004,DSPP,4/17/2025 0:00,101.58,mwh
EN-20250418-004,DSPP,4/18/2025 0:00,142.32,mwh
EN-20250419-004,DSPP,4/19/2025 0:00,133.62,mwh
EN-20250420-004,DSPP,4/20/2025 0:00,144.96,mwh
EN-20250421-004,DSPP,4/21/2025 0:00,104.34,mwh
EN-20250422-004,DSPP,4/22/2025 0:00,116.64,mwh
EN-20250423-004,DSPP,4/23/2025 0:00,133.26,mwh
EN-20250424-004,DSPP,4/24/2025 0:00,135.06,mwh
EN-20250425-004,DSPP,4/25/2025 0:00,132.06,mwh
EN-20250426-004,DSPP,4/26/2025 0:00,124.26,mwh
EN-20250427-004,DSPP,4/27/2025 0:00,130.92,mwh
EN-20250428-004,DSPP,4/28/2025 0:00,114.36,mwh
EN-20250429-004,DSPP,4/29/2025 0:00,128.94,mwh
EN-20250430-004,DSPP,4/30/2025 0:00,139.44,mwh
EN-20250501-004,DSPP,5/1/2025 0:00,122.76,mwh
EN-20250502-004,DSPP,5/2/2025 0:00,91.32,mwh
EN-20250503-004,DSPP,5/3/2025 0:00,74.1,mwh
EN-20250504-004,DSPP,5/4/2025 0:00,124.38,mwh
EN-20250505-004,DSPP,5/5/2025 0:00,118.02,mwh
EN-20250506-004,DSPP,5/6/2025 0:00,71.4,mwh
EN-20250507-004,DSPP,5/7/2025 0:00,55.14,mwh
EN-20250508-004,DSPP,5/8/2025 0:00,146.1,mwh
EN-20250509-004,DSPP,5/9/2025 0:00,151.68,mwh
EN-20250510-004,DSPP,5/10/2025 0:00,150,mwh
EN-20250511-004,DSPP,5/11/2025 0:00,135.42,mwh
EN-20250512-004,DSPP,5/12/2025 0:00,140.16,mwh
EN-20250513-004,DSPP,5/13/2025 0:00,139.86,mwh
EN-20250514-004,DSPP,5/14/2025 0:00,118.02,mwh
EN-20250101-005,MGPP1,1/1/2025 0:00,452.94,mwh
EN-20250102-005,MGPP1,1/2/2025 0:00,453.13,mwh
EN-20250103-005,MGPP1,1/3/2025 0:00,453,mwh
EN-20250104-005,MGPP1,1/4/2025 0:00,452.63,mwh
EN-20250105-005,MGPP1,1/5/2025 0:00,453.13,mwh
EN-20250106-005,MGPP1,1/6/2025 0:00,417.13,mwh
EN-20250107-005,MGPP1,1/7/2025 0:00,451.56,mwh
EN-20250108-005,MGPP1,1/8/2025 0:00,451.38,mwh
EN-20250109-005,MGPP1,1/9/2025 0:00,327.69,mwh
EN-20250110-005,MGPP1,1/10/2025 0:00,452.69,mwh
EN-20250111-005,MGPP1,1/11/2025 0:00,452.69,mwh
EN-20250112-005,MGPP1,1/12/2025 0:00,452.88,mwh
EN-20250113-005,MGPP1,1/13/2025 0:00,453.56,mwh
EN-20250114-005,MGPP1,1/14/2025 0:00,453.75,mwh
EN-20250115-005,MGPP1,1/15/2025 0:00,453,mwh
EN-20250116-005,MGPP1,1/16/2025 0:00,452.31,mwh
EN-20250117-005,MGPP1,1/17/2025 0:00,452.25,mwh
EN-20250118-005,MGPP1,1/18/2025 0:00,452.56,mwh
EN-20250119-005,MGPP1,1/19/2025 0:00,452.94,mwh
EN-20250120-005,MGPP1,1/20/2025 0:00,451.69,mwh
EN-20250121-005,MGPP1,1/21/2025 0:00,452.56,mwh
EN-20250122-005,MGPP1,1/22/2025 0:00,452.75,mwh
EN-20250123-005,MGPP1,1/23/2025 0:00,452.75,mwh
EN-20250124-005,MGPP1,1/24/2025 0:00,452.06,mwh
EN-20250125-005,MGPP1,1/25/2025 0:00,452.88,mwh
EN-20250126-005,MGPP1,1/26/2025 0:00,453.31,mwh
EN-20250127-005,MGPP1,1/27/2025 0:00,453.44,mwh
EN-20250128-005,MGPP1,1/28/2025 0:00,453.38,mwh
EN-20250129-005,MGPP1,1/29/2025 0:00,453.13,mwh
EN-20250130-005,MGPP1,1/30/2025 0:00,453,mwh
EN-20250131-005,MGPP1,1/31/2025 0:00,453.25,mwh
EN-20250201-005,MGPP1,2/1/2025 0:00,452.19,mwh
EN-20250202-005,MGPP1,2/2/2025 0:00,452.94,mwh
EN-20250203-005,MGPP1,2/3/2025 0:00,452.44,mwh
EN-20250204-005,MGPP1,2/4/2025 0:00,426.31,mwh
EN-20250205-005,MGPP1,2/5/2025 0:00,452.31,mwh
EN-20250206-005,MGPP1,2/6/2025 0:00,452.56,mwh
EN-20250207-005,MGPP1,2/7/2025 0:00,452.75,mwh
EN-20250208-005,MGPP1,2/8/2025 0:00,452.19,mwh
EN-20250209-005,MGPP1,2/9/2025 0:00,452.94,mwh
EN-20250210-005,MGPP1,2/10/2025 0:00,453.81,mwh
EN-20250211-005,MGPP1,2/11/2025 0:00,455.56,mwh
EN-20250212-005,MGPP1,2/12/2025 0:00,454.75,mwh
EN-20250213-005,MGPP1,2/13/2025 0:00,455.06,mwh
EN-20250214-005,MGPP1,2/14/2025 0:00,452.94,mwh
EN-20250215-005,MGPP1,2/15/2025 0:00,452.44,mwh
EN-20250216-005,MGPP1,2/16/2025 0:00,452.88,mwh
EN-20250217-005,MGPP1,2/17/2025 0:00,452.69,mwh
EN-20250218-005,MGPP1,2/18/2025 0:00,452.5,mwh
EN-20250219-005,MGPP1,2/19/2025 0:00,452.69,mwh
EN-20250220-005,MGPP1,2/20/2025 0:00,452.5,mwh
EN-20250221-005,MGPP1,2/21/2025 0:00,453.19,mwh
EN-20250222-005,MGPP1,2/22/2025 0:00,403.81,mwh
EN-20250223-005,MGPP1,2/23/2025 0:00,454.19,mwh
EN-20250224-005,MGPP1,2/24/2025 0:00,454.5,mwh
EN-20250225-005,MGPP1,2/25/2025 0:00,454.88,mwh
EN-20250226-005,MGPP1,2/26/2025 0:00,454.69,mwh
EN-20250227-005,MGPP1,2/27/2025 0:00,453.75,mwh
EN-20250228-005,MGPP1,2/28/2025 0:00,453.88,mwh
EN-20250301-005,MGPP1,3/1/2025 0:00,453.5,mwh
EN-20250302-005,MGPP1,3/2/2025 0:00,454.81,mwh
EN-20250303-005,MGPP1,3/3/2025 0:00,453.19,mwh
EN-20250304-005,MGPP1,3/4/2025 0:00,451.19,mwh
EN-20250305-005,MGPP1,3/5/2025 0:00,439.81,mwh
EN-20250306-005,MGPP1,3/6/2025 0:00,331.5,mwh
EN-20250307-005,MGPP1,3/7/2025 0:00,453.63,mwh
EN-20250308-005,MGPP1,3/8/2025 0:00,453.88,mwh
EN-20250309-005,MGPP1,3/9/2025 0:00,454.63,mwh
EN-20250310-005,MGPP1,3/10/2025 0:00,454.25,mwh
EN-20250311-005,MGPP1,3/11/2025 0:00,454.38,mwh
EN-20250312-005,MGPP1,3/12/2025 0:00,453.13,mwh
EN-20250313-005,MGPP1,3/13/2025 0:00,452.94,mwh
EN-20250314-005,MGPP1,3/14/2025 0:00,452.06,mwh
EN-20250315-005,MGPP1,3/15/2025 0:00,452.13,mwh
EN-20250316-005,MGPP1,3/16/2025 0:00,452.69,mwh
EN-20250317-005,MGPP1,3/17/2025 0:00,453,mwh
EN-20250318-005,MGPP1,3/18/2025 0:00,450.5,mwh
EN-20250319-005,MGPP1,3/19/2025 0:00,453.63,mwh
EN-20250320-005,MGPP1,3/20/2025 0:00,454,mwh
EN-20250321-005,MGPP1,3/21/2025 0:00,454.5,mwh
EN-20250322-005,MGPP1,3/22/2025 0:00,453.56,mwh
EN-20250323-005,MGPP1,3/23/2025 0:00,454.13,mwh
EN-20250324-005,MGPP1,3/24/2025 0:00,453.38,mwh
EN-20250325-005,MGPP1,3/25/2025 0:00,453.19,mwh
EN-20250326-005,MGPP1,3/26/2025 0:00,453.19,mwh
EN-20250327-005,MGPP1,3/27/2025 0:00,453.63,mwh
EN-20250328-005,MGPP1,3/28/2025 0:00,452.5,mwh
EN-20250329-005,MGPP1,3/29/2025 0:00,453.75,mwh
EN-20250330-005,MGPP1,3/30/2025 0:00,453.81,mwh
EN-20250331-005,MGPP1,3/31/2025 0:00,453.38,mwh
EN-20250401-005,MGPP1,4/1/2025 0:00,410.38,mwh
EN-20250402-005,MGPP1,4/2/2025 0:00,452.56,mwh
EN-20250403-005,MGPP1,4/3/2025 0:00,454.81,mwh
EN-20250404-005,MGPP1,4/4/2025 0:00,454.94,mwh
EN-20250405-005,MGPP1,4/5/2025 0:00,453.56,mwh
EN-20250406-005,MGPP1,4/6/2025 0:00,452.94,mwh
EN-20250407-005,MGPP1,4/7/2025 0:00,452.56,mwh
EN-20250408-005,MGPP1,4/8/2025 0:00,454.56,mwh
EN-20250409-005,MGPP1,4/9/2025 0:00,453.63,mwh
EN-20250410-005,MGPP1,4/10/2025 0:00,453.25,mwh
EN-20250411-005,MGPP1,4/11/2025 0:00,452.81,mwh
EN-20250412-005,MGPP1,4/12/2025 0:00,453.38,mwh
EN-20250413-005,MGPP1,4/13/2025 0:00,453.63,mwh
EN-20250414-005,MGPP1,4/14/2025 0:00,453.44,mwh
EN-20250415-005,MGPP1,4/15/2025 0:00,451.31,mwh
EN-20250416-005,MGPP1,4/16/2025 0:00,452.56,mwh
EN-20250417-005,MGPP1,4/17/2025 0:00,453.63,mwh
EN-20250418-005,MGPP1,4/18/2025 0:00,454.31,mwh
EN-20250419-005,MGPP1,4/19/2025 0:00,453.94,mwh
EN-20250420-005,MGPP1,4/20/2025 0:00,453.38,mwh
EN-20250421-005,MGPP1,4/21/2025 0:00,454.19,mwh
EN-20250422-005,MGPP1,4/22/2025 0:00,454,mwh
EN-20250423-005,MGPP1,4/23/2025 0:00,454.5,mwh
EN-20250424-005,MGPP1,4/24/2025 0:00,453.44,mwh
EN-20250425-005,MGPP1,4/25/2025 0:00,454.38,mwh
EN-20250426-005,MGPP1,4/26/2025 0:00,454.31,mwh
EN-20250427-005,MGPP1,4/27/2025 0:00,453.19,mwh
EN-20250428-005,MGPP1,4/28/2025 0:00,453.38,mwh
EN-20250429-005,MGPP1,4/29/2025 0:00,452,mwh
EN-20250430-005,MGPP1,4/30/2025 0:00,453.13,mwh
EN-20250501-005,MGPP1,5/1/2025 0:00,453.56,mwh
EN-20250502-005,MGPP1,5/2/2025 0:00,454.88,mwh
EN-20250503-005,MGPP1,5/3/2025 0:00,259.38,mwh
EN-20250504-005,MGPP1,5/4/2025 0:00,192.44,mwh
EN-20250505-005,MGPP1,5/5/2025 0:00,457.81,mwh
EN-20250506-005,MGPP1,5/6/2025 0:00,458.38,mwh
EN-20250507-005,MGPP1,5/7/2025 0:00,458,mwh
EN-20250508-005,MGPP1,5/8/2025 0:00,457.13,mwh
EN-20250509-005,MGPP1,5/9/2025 0:00,456.75,mwh
EN-20250510-005,MGPP1,5/10/2025 0:00,453.5,mwh
EN-20250511-005,MGPP1,5/11/2025 0:00,454.19,mwh
EN-20250512-005,MGPP1,5/12/2025 0:00,452.44,mwh
EN-20250513-005,MGPP1,5/13/2025 0:00,450.88,mwh
EN-20250514-005,MGPP1,5/14/2025 0:00,,mwh
EN-20250101-006,MGPP2,1/1/2025 0:00,267.69,mwh
EN-20250102-006,MGPP2,1/2/2025 0:00,268.81,mwh
EN-20250103-006,MGPP2,1/3/2025 0:00,268.44,mwh
EN-20250104-006,MGPP2,1/4/2025 0:00,269.38,mwh
EN-20250105-006,MGPP2,1/5/2025 0:00,268.44,mwh
EN-20250106-006,MGPP2,1/6/2025 0:00,268.38,mwh
EN-20250107-006,MGPP2,1/7/2025 0:00,265.31,mwh
EN-20250108-006,MGPP2,1/8/2025 0:00,267.94,mwh
EN-20250109-006,MGPP2,1/9/2025 0:00,268.31,mwh
EN-20250110-006,MGPP2,1/10/2025 0:00,268.19,mwh
EN-20250111-006,MGPP2,1/11/2025 0:00,268.63,mwh
EN-20250112-006,MGPP2,1/12/2025 0:00,267.63,mwh
EN-20250113-006,MGPP2,1/13/2025 0:00,268.31,mwh
EN-20250114-006,MGPP2,1/14/2025 0:00,268.31,mwh
EN-20250115-006,MGPP2,1/15/2025 0:00,268.5,mwh
EN-20250116-006,MGPP2,1/16/2025 0:00,269.13,mwh
EN-20250117-006,MGPP2,1/17/2025 0:00,268.88,mwh
EN-20250118-006,MGPP2,1/18/2025 0:00,268,mwh
EN-20250119-006,MGPP2,1/19/2025 0:00,267.38,mwh
EN-20250120-006,MGPP2,1/20/2025 0:00,268,mwh
EN-20250121-006,MGPP2,1/21/2025 0:00,268.13,mwh
EN-20250122-006,MGPP2,1/22/2025 0:00,268.06,mwh
EN-20250123-006,MGPP2,1/23/2025 0:00,268.69,mwh
EN-20250124-006,MGPP2,1/24/2025 0:00,268.19,mwh
EN-20250125-006,MGPP2,1/25/2025 0:00,268.19,mwh
EN-20250126-006,MGPP2,1/26/2025 0:00,268.5,mwh
EN-20250127-006,MGPP2,1/27/2025 0:00,268,mwh
EN-20250128-006,MGPP2,1/28/2025 0:00,267.06,mwh
EN-20250129-006,MGPP2,1/29/2025 0:00,267.13,mwh
EN-20250130-006,MGPP2,1/30/2025 0:00,267.69,mwh
EN-20250131-006,MGPP2,1/31/2025 0:00,267.44,mwh
EN-20250201-006,MGPP2,2/1/2025 0:00,268,mwh
EN-20250202-006,MGPP2,2/2/2025 0:00,267.94,mwh
EN-20250203-006,MGPP2,2/3/2025 0:00,268.06,mwh
EN-20250204-006,MGPP2,2/4/2025 0:00,268.44,mwh
EN-20250205-006,MGPP2,2/5/2025 0:00,257.75,mwh
EN-20250206-006,MGPP2,2/6/2025 0:00,268.19,mwh
EN-20250207-006,MGPP2,2/7/2025 0:00,268.13,mwh
EN-20250208-006,MGPP2,2/8/2025 0:00,268.5,mwh
EN-20250209-006,MGPP2,2/9/2025 0:00,268.56,mwh
EN-20250210-006,MGPP2,2/10/2025 0:00,268.13,mwh
EN-20250211-006,MGPP2,2/11/2025 0:00,268.75,mwh
EN-20250212-006,MGPP2,2/12/2025 0:00,268.5,mwh
EN-20250213-006,MGPP2,2/13/2025 0:00,268.31,mwh
EN-20250214-006,MGPP2,2/14/2025 0:00,268.69,mwh
EN-20250215-006,MGPP2,2/15/2025 0:00,268.5,mwh
EN-20250216-006,MGPP2,2/16/2025 0:00,268.5,mwh
EN-20250217-006,MGPP2,2/17/2025 0:00,267.56,mwh
EN-20250218-006,MGPP2,2/18/2025 0:00,267.75,mwh
EN-20250219-006,MGPP2,2/19/2025 0:00,267.69,mwh
EN-20250220-006,MGPP2,2/20/2025 0:00,267.38,mwh
EN-20250221-006,MGPP2,2/21/2025 0:00,267.44,mwh
EN-20250222-006,MGPP2,2/22/2025 0:00,268.25,mwh
EN-20250223-006,MGPP2,2/23/2025 0:00,267.94,mwh
EN-20250224-006,MGPP2,2/24/2025 0:00,268,mwh
EN-20250225-006,MGPP2,2/25/2025 0:00,268.5,mwh
EN-20250226-006,MGPP2,2/26/2025 0:00,268.19,mwh
EN-20250227-006,MGPP2,2/27/2025 0:00,268.31,mwh
EN-20250228-006,MGPP2,2/28/2025 0:00,268.38,mwh
EN-20250301-006,MGPP2,3/1/2025 0:00,268,mwh
EN-20250302-006,MGPP2,3/2/2025 0:00,268.69,mwh
EN-20250303-006,MGPP2,3/3/2025 0:00,267.94,mwh
EN-20250304-006,MGPP2,3/4/2025 0:00,268.06,mwh
EN-20250305-006,MGPP2,3/5/2025 0:00,267.31,mwh
EN-20250306-006,MGPP2,3/6/2025 0:00,253.75,mwh
EN-20250307-006,MGPP2,3/7/2025 0:00,181.94,mwh
EN-20250308-006,MGPP2,3/8/2025 0:00,268.44,mwh
EN-20250309-006,MGPP2,3/9/2025 0:00,267.94,mwh
EN-20250310-006,MGPP2,3/10/2025 0:00,268.38,mwh
EN-20250311-006,MGPP2,3/11/2025 0:00,268.06,mwh
EN-20250312-006,MGPP2,3/12/2025 0:00,267.94,mwh
EN-20250313-006,MGPP2,3/13/2025 0:00,267.38,mwh
EN-20250314-006,MGPP2,3/14/2025 0:00,267.44,mwh
EN-20250315-006,MGPP2,3/15/2025 0:00,268.38,mwh
EN-20250316-006,MGPP2,3/16/2025 0:00,267.75,mwh
EN-20250317-006,MGPP2,3/17/2025 0:00,268.63,mwh
EN-20250318-006,MGPP2,3/18/2025 0:00,267.75,mwh
EN-20250319-006,MGPP2,3/19/2025 0:00,268.06,mwh
EN-20250320-006,MGPP2,3/20/2025 0:00,268.13,mwh
EN-20250321-006,MGPP2,3/21/2025 0:00,268.56,mwh
EN-20250322-006,MGPP2,3/22/2025 0:00,267.63,mwh
EN-20250323-006,MGPP2,3/23/2025 0:00,268.5,mwh
EN-20250324-006,MGPP2,3/24/2025 0:00,267.69,mwh
EN-20250325-006,MGPP2,3/25/2025 0:00,268.63,mwh
EN-20250326-006,MGPP2,3/26/2025 0:00,268.25,mwh
EN-20250327-006,MGPP2,3/27/2025 0:00,268.31,mwh
EN-20250328-006,MGPP2,3/28/2025 0:00,267.88,mwh
EN-20250329-006,MGPP2,3/29/2025 0:00,268.25,mwh
EN-20250330-006,MGPP2,3/30/2025 0:00,268.69,mwh
EN-20250331-006,MGPP2,3/31/2025 0:00,268.19,mwh
EN-20250401-006,MGPP2,4/1/2025 0:00,267.13,mwh
EN-20250402-006,MGPP2,4/2/2025 0:00,265.13,mwh
EN-20250403-006,MGPP2,4/3/2025 0:00,267.56,mwh
EN-20250404-006,MGPP2,4/4/2025 0:00,268.06,mwh
EN-20250405-006,MGPP2,4/5/2025 0:00,267.44,mwh
EN-20250406-006,MGPP2,4/6/2025 0:00,267.88,mwh
EN-20250407-006,MGPP2,4/7/2025 0:00,267.38,mwh
EN-20250408-006,MGPP2,4/8/2025 0:00,268.44,mwh
EN-20250409-006,MGPP2,4/9/2025 0:00,267.94,mwh
EN-20250410-006,MGPP2,4/10/2025 0:00,268.25,mwh
EN-20250411-006,MGPP2,4/11/2025 0:00,267.31,mwh
EN-20250412-006,MGPP2,4/12/2025 0:00,268.19,mwh
EN-20250413-006,MGPP2,4/13/2025 0:00,267.94,mwh
EN-20250414-006,MGPP2,4/14/2025 0:00,268.5,mwh
EN-20250415-006,MGPP2,4/15/2025 0:00,267.56,mwh
EN-20250416-006,MGPP2,4/16/2025 0:00,268.25,mwh
EN-20250417-006,MGPP2,4/17/2025 0:00,267.75,mwh
EN-20250418-006,MGPP2,4/18/2025 0:00,267.81,mwh
EN-20250419-006,MGPP2,4/19/2025 0:00,267.5,mwh
EN-20250420-006,MGPP2,4/20/2025 0:00,268.31,mwh
EN-20250421-006,MGPP2,4/21/2025 0:00,267.56,mwh
EN-20250422-006,MGPP2,4/22/2025 0:00,268.13,mwh
EN-20250423-006,MGPP2,4/23/2025 0:00,267.31,mwh
EN-20250424-006,MGPP2,4/24/2025 0:00,267.81,mwh
EN-20250425-006,MGPP2,4/25/2025 0:00,267.25,mwh
EN-20250426-006,MGPP2,4/26/2025 0:00,267.75,mwh
EN-20250427-006,MGPP2,4/27/2025 0:00,267.31,mwh
EN-20250428-006,MGPP2,4/28/2025 0:00,268.5,mwh
EN-20250429-006,MGPP2,4/29/2025 0:00,267.88,mwh
EN-20250430-006,MGPP2,4/30/2025 0:00,267.94,mwh
EN-20250501-006,MGPP2,5/1/2025 0:00,267.81,mwh
EN-20250502-006,MGPP2,5/2/2025 0:00,267.81,mwh
EN-20250503-006,MGPP2,5/3/2025 0:00,267.75,mwh
EN-20250504-006,MGPP2,5/4/2025 0:00,268.63,mwh
EN-20250505-006,MGPP2,5/5/2025 0:00,268.44,mwh
EN-20250506-006,MGPP2,5/6/2025 0:00,267.69,mwh
EN-20250507-006,MGPP2,5/7/2025 0:00,268.81,mwh
EN-20250508-006,MGPP2,5/8/2025 0:00,266,mwh
EN-20250509-006,MGPP2,5/9/2025 0:00,268.38,mwh
EN-20250510-006,MGPP2,5/10/2025 0:00,268.75,mwh
EN-20250511-006,MGPP2,5/11/2025 0:00,268,mwh
EN-20250512-006,MGPP2,5/12/2025 0:00,268.25,mwh
EN-20250513-006,MGPP2,5/13/2025 0:00,267.88,mwh
EN-20250514-006,MGPP2,5/14/2025 0:00,267.94,mwh
EN-20250101-007,NWPP1,1/1/2025 0:00,172.9,mwh
EN-20250102-007,NWPP1,1/2/2025 0:00,159.17,mwh
EN-20250103-007,NWPP1,1/3/2025 0:00,57.63,mwh
EN-20250104-007,NWPP1,1/4/2025 0:00,188.59,mwh
EN-20250105-007,NWPP1,1/5/2025 0:00,210.4,mwh
EN-20250106-007,NWPP1,1/6/2025 0:00,134.91,mwh
EN-20250107-007,NWPP1,1/7/2025 0:00,499.03,mwh
EN-20250108-007,NWPP1,1/8/2025 0:00,671.07,mwh
EN-20250109-007,NWPP1,1/9/2025 0:00,547.59,mwh
EN-20250110-007,NWPP1,1/10/2025 0:00,637.81,mwh
EN-20250111-007,NWPP1,1/11/2025 0:00,649.88,mwh
EN-20250112-007,NWPP1,1/12/2025 0:00,649.83,mwh
EN-20250113-007,NWPP1,1/13/2025 0:00,544.63,mwh
EN-20250114-007,NWPP1,1/14/2025 0:00,557.16,mwh
EN-20250115-007,NWPP1,1/15/2025 0:00,427.33,mwh
EN-20250116-007,NWPP1,1/16/2025 0:00,559.16,mwh
EN-20250117-007,NWPP1,1/17/2025 0:00,636.52,mwh
EN-20250118-007,NWPP1,1/18/2025 0:00,449.84,mwh
EN-20250119-007,NWPP1,1/19/2025 0:00,191.85,mwh
EN-20250120-007,NWPP1,1/20/2025 0:00,96.28,mwh
EN-20250121-007,NWPP1,1/21/2025 0:00,395.22,mwh
EN-20250122-007,NWPP1,1/22/2025 0:00,620.74,mwh
EN-20250123-007,NWPP1,1/23/2025 0:00,399.99,mwh
EN-20250124-007,NWPP1,1/24/2025 0:00,207.01,mwh
EN-20250125-007,NWPP1,1/25/2025 0:00,175.9,mwh
EN-20250126-007,NWPP1,1/26/2025 0:00,346.29,mwh
EN-20250127-007,NWPP1,1/27/2025 0:00,398.3,mwh
EN-20250128-007,NWPP1,1/28/2025 0:00,532.72,mwh
EN-20250129-007,NWPP1,1/29/2025 0:00,670.58,mwh
EN-20250130-007,NWPP1,1/30/2025 0:00,529.6,mwh
EN-20250131-007,NWPP1,1/31/2025 0:00,401.59,mwh
EN-20250201-007,NWPP1,2/1/2025 0:00,256.31,mwh
EN-20250202-007,NWPP1,2/2/2025 0:00,210.9,mwh
EN-20250203-007,NWPP1,2/3/2025 0:00,243.91,mwh
EN-20250204-007,NWPP1,2/4/2025 0:00,268.62,mwh
EN-20250205-007,NWPP1,2/5/2025 0:00,354.78,mwh
EN-20250206-007,NWPP1,2/6/2025 0:00,428.61,mwh
EN-20250207-007,NWPP1,2/7/2025 0:00,534.93,mwh
EN-20250208-007,NWPP1,2/8/2025 0:00,453.64,mwh
EN-20250209-007,NWPP1,2/9/2025 0:00,699.07,mwh
EN-20250210-007,NWPP1,2/10/2025 0:00,716.2,mwh
EN-20250211-007,NWPP1,2/11/2025 0:00,549.1,mwh
EN-20250212-007,NWPP1,2/12/2025 0:00,386.05,mwh
EN-20250213-007,NWPP1,2/13/2025 0:00,78.64,mwh
EN-20250214-007,NWPP1,2/14/2025 0:00,189.39,mwh
EN-20250215-007,NWPP1,2/15/2025 0:00,123.14,mwh
EN-20250216-007,NWPP1,2/16/2025 0:00,37.99,mwh
EN-20250217-007,NWPP1,2/17/2025 0:00,307.93,mwh
EN-20250218-007,NWPP1,2/18/2025 0:00,418.68,mwh
EN-20250219-007,NWPP1,2/19/2025 0:00,430.94,mwh
EN-20250220-007,NWPP1,2/20/2025 0:00,644.47,mwh
EN-20250221-007,NWPP1,2/21/2025 0:00,645.85,mwh
EN-20250222-007,NWPP1,2/22/2025 0:00,617.82,mwh
EN-20250223-007,NWPP1,2/23/2025 0:00,546.13,mwh
EN-20250224-007,NWPP1,2/24/2025 0:00,714.93,mwh
EN-20250225-007,NWPP1,2/25/2025 0:00,661.11,mwh
EN-20250226-007,NWPP1,2/26/2025 0:00,517.92,mwh
EN-20250227-007,NWPP1,2/27/2025 0:00,494.21,mwh
EN-20250228-007,NWPP1,2/28/2025 0:00,365.57,mwh
EN-20250301-007,NWPP1,3/1/2025 0:00,481.46,mwh
EN-20250302-007,NWPP1,3/2/2025 0:00,592.62,mwh
EN-20250303-007,NWPP1,3/3/2025 0:00,467.62,mwh
EN-20250304-007,NWPP1,3/4/2025 0:00,399.92,mwh
EN-20250305-007,NWPP1,3/5/2025 0:00,261.97,mwh
EN-20250306-007,NWPP1,3/6/2025 0:00,208.26,mwh
EN-20250307-007,NWPP1,3/7/2025 0:00,339.05,mwh
EN-20250308-007,NWPP1,3/8/2025 0:00,462.44,mwh
EN-20250309-007,NWPP1,3/9/2025 0:00,478.88,mwh
EN-20250310-007,NWPP1,3/10/2025 0:00,493.3,mwh
EN-20250311-007,NWPP1,3/11/2025 0:00,429.98,mwh
EN-20250312-007,NWPP1,3/12/2025 0:00,469,mwh
EN-20250313-007,NWPP1,3/13/2025 0:00,457.07,mwh
EN-20250314-007,NWPP1,3/14/2025 0:00,313.43,mwh
EN-20250315-007,NWPP1,3/15/2025 0:00,246.62,mwh
EN-20250316-007,NWPP1,3/16/2025 0:00,158.79,mwh
EN-20250317-007,NWPP1,3/17/2025 0:00,360.5,mwh
EN-20250318-007,NWPP1,3/18/2025 0:00,402.17,mwh
EN-20250319-007,NWPP1,3/19/2025 0:00,434.77,mwh
EN-20250320-007,NWPP1,3/20/2025 0:00,649.63,mwh
EN-20250321-007,NWPP1,3/21/2025 0:00,666.92,mwh
EN-20250322-007,NWPP1,3/22/2025 0:00,583.08,mwh
EN-20250323-007,NWPP1,3/23/2025 0:00,337.09,mwh
EN-20250324-007,NWPP1,3/24/2025 0:00,237.18,mwh
EN-20250325-007,NWPP1,3/25/2025 0:00,154.56,mwh
EN-20250326-007,NWPP1,3/26/2025 0:00,239.99,mwh
EN-20250327-007,NWPP1,3/27/2025 0:00,136.2,mwh
EN-20250328-007,NWPP1,3/28/2025 0:00,173.96,mwh
EN-20250329-007,NWPP1,3/29/2025 0:00,126.61,mwh
EN-20250330-007,NWPP1,3/30/2025 0:00,238.39,mwh
EN-20250331-007,NWPP1,3/31/2025 0:00,262.21,mwh
EN-20250401-007,NWPP1,4/1/2025 0:00,131.74,mwh
EN-20250402-007,NWPP1,4/2/2025 0:00,232.14,mwh
EN-20250403-007,NWPP1,4/3/2025 0:00,234.15,mwh
EN-20250404-007,NWPP1,4/4/2025 0:00,199.27,mwh
EN-20250405-007,NWPP1,4/5/2025 0:00,172.48,mwh
EN-20250406-007,NWPP1,4/6/2025 0:00,209.91,mwh
EN-20250407-007,NWPP1,4/7/2025 0:00,210.32,mwh
EN-20250408-007,NWPP1,4/8/2025 0:00,288.31,mwh
EN-20250409-007,NWPP1,4/9/2025 0:00,305.57,mwh
EN-20250410-007,NWPP1,4/10/2025 0:00,190.38,mwh
EN-20250411-007,NWPP1,4/11/2025 0:00,241.85,mwh
EN-20250412-007,NWPP1,4/12/2025 0:00,161,mwh
EN-20250413-007,NWPP1,4/13/2025 0:00,285.98,mwh
EN-20250414-007,NWPP1,4/14/2025 0:00,152,mwh
EN-20250415-007,NWPP1,4/15/2025 0:00,103,mwh
EN-20250416-007,NWPP1,4/16/2025 0:00,255,mwh
EN-20250417-007,NWPP1,4/17/2025 0:00,319,mwh
EN-20250418-007,NWPP1,4/18/2025 0:00,243,mwh
EN-20250419-007,NWPP1,4/19/2025 0:00,290,mwh
EN-20250420-007,NWPP1,4/20/2025 0:00,219,mwh
EN-20250421-007,NWPP1,4/21/2025 0:00,170,mwh
EN-20250422-007,NWPP1,4/22/2025 0:00,178,mwh
EN-20250423-007,NWPP1,4/23/2025 0:00,80,mwh
EN-20250424-007,NWPP1,4/24/2025 0:00,120,mwh
EN-20250425-007,NWPP1,4/25/2025 0:00,109,mwh
EN-20250426-007,NWPP1,4/26/2025 0:00,224,mwh
EN-20250427-007,NWPP1,4/27/2025 0:00,313,mwh
EN-20250428-007,NWPP1,4/28/2025 0:00,168,mwh
EN-20250429-007,NWPP1,4/29/2025 0:00,179,mwh
EN-20250430-007,NWPP1,4/30/2025 0:00,289,mwh
EN-20250501-007,NWPP1,5/1/2025 0:00,267.463,mwh
EN-20250502-007,NWPP1,5/2/2025 0:00,190.546,mwh
EN-20250503-007,NWPP1,5/3/2025 0:00,90.527,mwh
EN-20250504-007,NWPP1,5/4/2025 0:00,88.236,mwh
EN-20250505-007,NWPP1,5/5/2025 0:00,7.996,mwh
EN-20250506-007,NWPP1,5/6/2025 0:00,7.234,mwh
EN-20250507-007,NWPP1,5/7/2025 0:00,0.412,mwh
EN-20250508-007,NWPP1,5/8/2025 0:00,50.02,mwh
EN-20250509-007,NWPP1,5/9/2025 0:00,102.129,mwh
EN-20250510-007,NWPP1,5/10/2025 0:00,95.636,mwh
EN-20250511-007,NWPP1,5/11/2025 0:00,11,mwh
EN-20250512-007,NWPP1,5/12/2025 0:00,0.879,mwh
EN-20250513-007,NWPP1,5/13/2025 0:00,51.8,mwh
EN-20250514-007,NWPP1,5/14/2025 0:00,209,mwh
EN-20250101-008,NWPP2,1/1/2025 0:00,73.45,mwh
EN-20250102-008,NWPP2,1/2/2025 0:00,74.32,mwh
EN-20250103-008,NWPP2,1/3/2025 0:00,17.88,mwh
EN-20250104-008,NWPP2,1/4/2025 0:00,65.17,mwh
EN-20250105-008,NWPP2,1/5/2025 0:00,77.41,mwh
EN-20250106-008,NWPP2,1/6/2025 0:00,47.16,mwh
EN-20250107-008,NWPP2,1/7/2025 0:00,133.93,mwh
EN-20250108-008,NWPP2,1/8/2025 0:00,145.35,mwh
EN-20250109-008,NWPP2,1/9/2025 0:00,132.24,mwh
EN-20250110-008,NWPP2,1/10/2025 0:00,145.37,mwh
EN-20250111-008,NWPP2,1/11/2025 0:00,153.2,mwh
EN-20250112-008,NWPP2,1/12/2025 0:00,156.17,mwh
EN-20250113-008,NWPP2,1/13/2025 0:00,154.44,mwh
EN-20250114-008,NWPP2,1/14/2025 0:00,155.86,mwh
EN-20250115-008,NWPP2,1/15/2025 0:00,150.21,mwh
EN-20250116-008,NWPP2,1/16/2025 0:00,146.28,mwh
EN-20250117-008,NWPP2,1/17/2025 0:00,150.15,mwh
EN-20250118-008,NWPP2,1/18/2025 0:00,142.78,mwh
EN-20250119-008,NWPP2,1/19/2025 0:00,74.84,mwh
EN-20250120-008,NWPP2,1/20/2025 0:00,33.44,mwh
EN-20250121-008,NWPP2,1/21/2025 0:00,118.55,mwh
EN-20250122-008,NWPP2,1/22/2025 0:00,154.38,mwh
EN-20250123-008,NWPP2,1/23/2025 0:00,124.6,mwh
EN-20250124-008,NWPP2,1/24/2025 0:00,81.45,mwh
EN-20250125-008,NWPP2,1/25/2025 0:00,63.99,mwh
EN-20250126-008,NWPP2,1/26/2025 0:00,91.84,mwh
EN-20250127-008,NWPP2,1/27/2025 0:00,93.93,mwh
EN-20250128-008,NWPP2,1/28/2025 0:00,143.28,mwh
EN-20250129-008,NWPP2,1/29/2025 0:00,153.66,mwh
EN-20250130-008,NWPP2,1/30/2025 0:00,153.61,mwh
EN-20250131-008,NWPP2,1/31/2025 0:00,129.15,mwh
EN-20250201-008,NWPP2,2/1/2025 0:00,105.9,mwh
EN-20250202-008,NWPP2,2/2/2025 0:00,79.45,mwh
EN-20250203-008,NWPP2,2/3/2025 0:00,105.57,mwh
EN-20250204-008,NWPP2,2/4/2025 0:00,96.67,mwh
EN-20250205-008,NWPP2,2/5/2025 0:00,119.91,mwh
EN-20250206-008,NWPP2,2/6/2025 0:00,133.14,mwh
EN-20250207-008,NWPP2,2/7/2025 0:00,154.92,mwh
EN-20250208-008,NWPP2,2/8/2025 0:00,148.7,mwh
EN-20250209-008,NWPP2,2/9/2025 0:00,136.79,mwh
EN-20250210-008,NWPP2,2/10/2025 0:00,151.87,mwh
EN-20250211-008,NWPP2,2/11/2025 0:00,156.45,mwh
EN-20250212-008,NWPP2,2/12/2025 0:00,120,mwh
EN-20250213-008,NWPP2,2/13/2025 0:00,22.62,mwh
EN-20250214-008,NWPP2,2/14/2025 0:00,81.11,mwh
EN-20250215-008,NWPP2,2/15/2025 0:00,47.35,mwh
EN-20250216-008,NWPP2,2/16/2025 0:00,16.05,mwh
EN-20250217-008,NWPP2,2/17/2025 0:00,136.21,mwh
EN-20250218-008,NWPP2,2/18/2025 0:00,150.94,mwh
EN-20250219-008,NWPP2,2/19/2025 0:00,147.78,mwh
EN-20250220-008,NWPP2,2/20/2025 0:00,158.04,mwh
EN-20250221-008,NWPP2,2/21/2025 0:00,158.16,mwh
EN-20250222-008,NWPP2,2/22/2025 0:00,158.17,mwh
EN-20250223-008,NWPP2,2/23/2025 0:00,151.5,mwh
EN-20250224-008,NWPP2,2/24/2025 0:00,156.8,mwh
EN-20250225-008,NWPP2,2/25/2025 0:00,100.75,mwh
EN-20250226-008,NWPP2,2/26/2025 0:00,127.12,mwh
EN-20250227-008,NWPP2,2/27/2025 0:00,149.91,mwh
EN-20250228-008,NWPP2,2/28/2025 0:00,135.94,mwh
EN-20250301-008,NWPP2,3/1/2025 0:00,151.47,mwh
EN-20250302-008,NWPP2,3/2/2025 0:00,158.23,mwh
EN-20250303-008,NWPP2,3/3/2025 0:00,152.72,mwh
EN-20250304-008,NWPP2,3/4/2025 0:00,144.43,mwh
EN-20250305-008,NWPP2,3/5/2025 0:00,91.43,mwh
EN-20250306-008,NWPP2,3/6/2025 0:00,97.89,mwh
EN-20250307-008,NWPP2,3/7/2025 0:00,129.25,mwh
EN-20250308-008,NWPP2,3/8/2025 0:00,154.11,mwh
EN-20250309-008,NWPP2,3/9/2025 0:00,156.63,mwh
EN-20250310-008,NWPP2,3/10/2025 0:00,140.65,mwh
EN-20250311-008,NWPP2,3/11/2025 0:00,155.38,mwh
EN-20250312-008,NWPP2,3/12/2025 0:00,155.61,mwh
EN-20250313-008,NWPP2,3/13/2025 0:00,157.36,mwh
EN-20250314-008,NWPP2,3/14/2025 0:00,109.88,mwh
EN-20250315-008,NWPP2,3/15/2025 0:00,36.43,mwh
EN-20250316-008,NWPP2,3/16/2025 0:00,62.21,mwh
EN-20250317-008,NWPP2,3/17/2025 0:00,116.86,mwh
EN-20250318-008,NWPP2,3/18/2025 0:00,140.8,mwh
EN-20250319-008,NWPP2,3/19/2025 0:00,132.4,mwh
EN-20250320-008,NWPP2,3/20/2025 0:00,158.08,mwh
EN-20250321-008,NWPP2,3/21/2025 0:00,156.39,mwh
EN-20250322-008,NWPP2,3/22/2025 0:00,133.73,mwh
EN-20250323-008,NWPP2,3/23/2025 0:00,93.86,mwh
EN-20250324-008,NWPP2,3/24/2025 0:00,78.45,mwh
EN-20250325-008,NWPP2,3/25/2025 0:00,57.86,mwh
EN-20250326-008,NWPP2,3/26/2025 0:00,96.53,mwh
EN-20250327-008,NWPP2,3/27/2025 0:00,73.12,mwh
EN-20250328-008,NWPP2,3/28/2025 0:00,72.78,mwh
EN-20250329-008,NWPP2,3/29/2025 0:00,42.46,mwh
EN-20250330-008,NWPP2,3/30/2025 0:00,87.92,mwh
EN-20250331-008,NWPP2,3/31/2025 0:00,89.31,mwh
EN-20250401-008,NWPP2,4/1/2025 0:00,94.16,mwh
EN-20250402-008,NWPP2,4/2/2025 0:00,103.92,mwh
EN-20250403-008,NWPP2,4/3/2025 0:00,87.52,mwh
EN-20250404-008,NWPP2,4/4/2025 0:00,88.84,mwh
EN-20250405-008,NWPP2,4/5/2025 0:00,81.2,mwh
EN-20250406-008,NWPP2,4/6/2025 0:00,83.41,mwh
EN-20250407-008,NWPP2,4/7/2025 0:00,83.32,mwh
EN-20250408-008,NWPP2,4/8/2025 0:00,119.81,mwh
EN-20250409-008,NWPP2,4/9/2025 0:00,116.19,mwh
EN-20250410-008,NWPP2,4/10/2025 0:00,63.48,mwh
EN-20250411-008,NWPP2,4/11/2025 0:00,112.17,mwh
EN-20250412-008,NWPP2,4/12/2025 0:00,78.14,mwh
EN-20250413-008,NWPP2,4/13/2025 0:00,112.47,mwh
EN-20250414-008,NWPP2,4/14/2025 0:00,70.36,mwh
EN-20250415-008,NWPP2,4/15/2025 0:00,37.7,mwh
EN-20250416-008,NWPP2,4/16/2025 0:00,103.02,mwh
EN-20250417-008,NWPP2,4/17/2025 0:00,98.53,mwh
EN-20250418-008,NWPP2,4/18/2025 0:00,119.6,mwh
EN-20250419-008,NWPP2,4/19/2025 0:00,99.44,mwh
EN-20250420-008,NWPP2,4/20/2025 0:00,119.48,mwh
EN-20250421-008,NWPP2,4/21/2025 0:00,83.32,mwh
EN-20250422-008,NWPP2,4/22/2025 0:00,62.87,mwh
EN-20250423-008,NWPP2,4/23/2025 0:00,25.75,mwh
EN-20250424-008,NWPP2,4/24/2025 0:00,38.08,mwh
EN-20250425-008,NWPP2,4/25/2025 0:00,39.9,mwh
EN-20250426-008,NWPP2,4/26/2025 0:00,85.88,mwh
EN-20250427-008,NWPP2,4/27/2025 0:00,116.32,mwh
EN-20250428-008,NWPP2,4/28/2025 0:00,72.79,mwh
EN-20250429-008,NWPP2,4/29/2025 0:00,89.15,mwh
EN-20250430-008,NWPP2,4/30/2025 0:00,130,mwh
EN-20250501-008,NWPP2,5/1/2025 0:00,100.932,mwh
EN-20250502-008,NWPP2,5/2/2025 0:00,108.058,mwh
EN-20250503-008,NWPP2,5/3/2025 0:00,46.05,mwh
EN-20250504-008,NWPP2,5/4/2025 0:00,37.468,mwh
EN-20250505-008,NWPP2,5/5/2025 0:00,0.892,mwh
EN-20250506-008,NWPP2,5/6/2025 0:00,2.17,mwh
EN-20250507-008,NWPP2,5/7/2025 0:00,0,mwh
EN-20250508-008,NWPP2,5/8/2025 0:00,21.024,mwh
EN-20250509-008,NWPP2,5/9/2025 0:00,50.152,mwh
EN-20250510-008,NWPP2,5/10/2025 0:00,42.262,mwh
EN-20250511-008,NWPP2,5/11/2025 0:00,5.264,mwh
EN-20250512-008,NWPP2,5/12/2025 0:00,0.106,mwh
EN-20250513-008,NWPP2,5/13/2025 0:00,21.064,mwh
EN-20250514-008,NWPP2,5/14/2025 0:00,107.23,mwh
